id, name, gender, size, type, more_names
0, Human B&W, m, l, Archetype - Human, Human Male B&W | Human B&W ♂ | Male B&W | Male 1-Bit
1, Human 1 (F), m, l, Archetype - Human, Human Male 1 (F) | Human 1 ♂ (F) | Male 1-I (F) | Male 1 (F) | Man 1 (F) | ♂ 1 (F)
2, Human 2 (F), m, l, Archetype - Human, Human Male 2 (F) | Human 2 ♂ (F) | Male 2-I (F) | Male 2 (F) | Man 2 (F) | ♂ 2 (F)
3, Human 3 (F), m, l, Archetype - Human, Human Male 3 (F) | Human 3 ♂ (F) | Male 3-I (F) | Male 3 (F) | Man 3 (F) | ♂ 3 (F)
4, Human 4 (F), m, l, Archetype - Human, Human Male 4 (F) | Human 4 ♂ (F) | Male 4-I (F) | Male 4 (F) | Man 4 (F) | ♂ 4 (F)
5, Human 1, m, l, Archetype - Human, Human Male 1 | Human 1 ♂ | Male 1 | Man 1 | ♂ 1
6, Human 2, m, l, Archetype - Human, Human Male 2 | Human 2 ♂ | Male 2 | Man 2 | ♂ 2
7, Human 3, m, l, Archetype - Human, Human Male 3 | Human 3 ♂ | Male 3 | Man 3 | ♂ 3
8, Human 4, m, l, Archetype - Human, Human Male 4 | Human 4 ♂ | Male 4 | Man 4 | ♂ 4
9, Human 1 (N), m, l, Archetype - Human, Human Male 1 (N) | Human 1 ♂ (N) | Male 1 (N) | Man 1 (N) | ♂ 1 (N)
10, Human 2 (N), m, l, Archetype - Human, Human Male 2 (N) | Human 2 ♂ (N) | Male 2 (N) | Man 2 (N) | ♂ 2 (N)
11, Human 3 (N), m, l, Archetype - Human, Human Male 3 (N) | Human 3 ♂ (N) | Male 3 (N) | Man 3 (N) | ♂ 3 (N)
12, Human 4 (N), m, l, Archetype - Human, Human Male 4 (N) | Human 4 ♂ (N) | Male 4 (N) | Man 4 (N) | ♂ 4 (N)
13, Human Female B&W, f, l, Archetype - Human, Human B&W ♀ | Female B&W | Female 1-Bit
14, Human Female 1 (F), f, l, Archetype - Human, Human 1 ♀ (F) | Female 1-I (F) | Female 1 (F) | Woman 1 (F) | Lady 1 (F) | ♀ 1 (F)
15, Human Female 2 (F), f, l, Archetype - Human, Human 2 ♀ (F) | Female 2-I (F) | Female 2 (F) | Woman 2 (F) | Lady 2 (F) | ♀ 2 (F)
16, Human Female 3 (F), f, l, Archetype - Human, Human 3 ♀ (F) | Female 3-I (F) | Female 3 (F) | Woman 3 (F) | Lady 3 (F) | ♀ 3 (F)
17, Human Female 4 (F), f, l, Archetype - Human, Human 4 ♀ (F) | Female 4-I (F) | Female 4 (F) | Woman 4 (F) | Lady 4 (F) | ♀ 4 (F)
18, Human Female 1 (U), f, l, Archetype - Human, Human 1 ♀ (U) | Female 1 (U) | Woman 1 (U) | Lady 1 (U) | ♀ 1 (U)
19, Human Female 2 (U), f, l, Archetype - Human, Human 2 ♀ (U) | Female 2 (U) | Woman 2 (U) | Lady 2 (U) | ♀ 2 (U)
20, Human Female 3 (U), f, l, Archetype - Human, Human 3 ♀ (U) | Female 3 (U) | Woman 3 (U) | Lady 3 (U) | ♀ 3 (U)
21, Human Female 4 (U), f, l, Archetype - Human, Human 4 ♀ (U) | Female 4 (U) | Woman 4 (U) | Lady 4 (U) | ♀ 4 (U)
22, Human Female 1, f, s, Archetype - Human, Human 1 ♀ | Female 1 | Woman 1 | Lady 1 | ♀ 1
23, Human Female 2, f, s, Archetype - Human, Human 2 ♀ | Female 2 | Woman 2 | Lady 2 | ♀ 2
24, Human Female 3, f, s, Archetype - Human, Human 3 ♀ | Female 3 | Woman 3 | Lady 3 | ♀ 3
25, Human Female 4, f, s, Archetype - Human, Human 4 ♀ | Female 4 | Woman 4 | Lady 4 | ♀ 4
26, Human Female 1 (N), f, s, Archetype - Human, Human 1 ♀ (N) | Female 1 (N) | Woman 1 (N) | Lady 1 (N) | ♀ 1 (N)
27, Human Female 2 (N), f, s, Archetype - Human, Human 2 ♀ (N) | Female 2 (N) | Woman 2 (N) | Lady 2 (N) | ♀ 2 (N)
28, Human Female 3 (N), f, s, Archetype - Human, Human 3 ♀ (N) | Female 3 (N) | Woman 3 (N) | Lady 3 (N) | ♀ 3 (N)
29, Human Female 4 (N), f, s, Archetype - Human, Human 4 ♀ (N) | Female 4 (N) | Woman 4 (N) | Lady 4 (N) | ♀ 4 (N)
30, Zombie, m, l, Archetype - Zombie, Zombie Male | Zombie ♂
31, Zombie (N), m, l, Archetype - Zombie, Zombie Male (N) | Zombie ♂ (N)
32, Zombie (N2), m, l, Archetype - Zombie, Zombie Male (N2) | Zombie ♂ (N2)
33, Zombie Female (U), f, l, Archetype - Zombie, Zombie ♀ (U) | Lady Zombie (U)
34, Zombie Female, f, s, Archetype - Zombie, Zombie ♀ | Lady Zombie
35, Ape, m, l, Archetype - Ape, Ape Male | Ape ♂
36, Ape (N), m, l, Archetype - Ape, Ape Male (N) | Ape ♂ (N)
37, Ape (N2), m, l, Archetype - Ape, Ape Male (N2) | Ape ♂ (N2)
38, Ape Female (U), f, l, Archetype - Ape, Ape ♀ (U) | Lady Ape (U)
39, Ape Female, f, s, Archetype - Ape, Ape ♀ | Lady Ape
40, Alien B&W, m, l, Archetype - Alien, Alien Male B&W | Alien B&W ♂ | Alien 1-Bit | Alien Male 1-Bit
41, Alien, m, l, Archetype - Alien, Alien Male | Alien ♂
42, Alien (N), m, l, Archetype - Alien, Alien Male (N) | Alien ♂ (N)
43, Alien (N2), m, l, Archetype - Alien, Alien Male (N2) | Alien ♂ (N2)
44, Alien Female B&W, f, l, Archetype - Alien, Alien B&W ♀ | Alien Female 1-Bit
45, Alien Female (U), f, l, Archetype - Alien, Alien ♀ (U) | Lady Alien (U)
46, Alien Female, f, s, Archetype - Alien, Alien ♀ | Lady Alien
47, Zombie (Ape), m, l, Archetype - Zombie, Zombie (Ape) Male | Zombie (Ape) ♂
48, Zombie (Ape) (N), m, l, Archetype - Zombie, Zombie (Ape) Male (N) | Zombie (Ape) ♂ (N)
49, Alien (Ape), m, l, Archetype - Alien, Alien (Ape) Male | Alien (Ape) ♂
50, Alien (Ape) (N), m, l, Archetype - Alien, Alien (Ape) Male (N) | Alien (Ape) ♂ (N)
51, Demon B&W, m, l, Archetype - Demon, Demon Male B&W | Demon B&W ♂ | Demon 1-Bit | Demon Male 1-Bit
52, Demon, m, l, Archetype - Demon, Demon Male | Demon ♂
53, Demon (N), m, l, Archetype - Demon, Demon Male (N) | Demon ♂ (N)
54, Demon Female B&W, f, l, Archetype - Demon, Demon B&W ♀ | Demon Female 1-Bit
55, Demon Female (U), f, l, Archetype - Demon, Demon ♀ (U) | Lady Demon (U)
56, Demon Female, f, s, Archetype - Demon, Demon ♀ | Lady Demon
57, Ghost, m, l, Archetype - Ghost, Ghost Male | Ghost ♂
58, Ghost Female (U), f, l, Archetype - Ghost, Ghost ♀ (U) | Lady Ghost (U)
59, Ghost Female, f, s, Archetype - Ghost, Ghost ♀ | Lady Ghost
60, Mummy, m, l, Archetype - Mummy, Mummy Male | Mummy ♂
61, Mummy Female (U), f, l, Archetype - Mummy, Mummy ♀ (U) | Lady Mummy (U)
62, Mummy Female, f, s, Archetype - Mummy, Mummy ♀ | Lady Mummy
63, Orc B&W, m, l, Archetype - Orc, Orc Male B&W | Orc B&W ♂ | Orc 1-Bit | Orc Male 1-Bit
64, Orc, m, l, Archetype - Orc, Orc Male | Orc ♂
65, Orc Female B&W, f, l, Archetype - Orc, Orc B&W ♀ | Orc Female 1-Bit
66, Orc Female (U), f, l, Archetype - Orc, Orc ♀ (U) | Lady Orc (U)
67, Orc Female, f, s, Archetype - Orc, Orc ♀ | Lady Orc
68, Robot B&W, m, l, Archetype - Robot, Robot Male B&W | Robot B&W ♂ | Robot 1-Bit | Robot Male 1-Bit
69, Robot, m, l, Archetype - Robot, Robot Male | Robot ♂
70, Robot Female B&W, f, l, Archetype - Robot, Robot B&W ♀ | Robot Female 1-Bit
71, Robot Female (U), f, l, Archetype - Robot, Robot ♀ (U) | Lady Robot (U)
72, Robot Female, f, s, Archetype - Robot, Robot ♀ | Lady Robot
73, Skeleton, m, l, Archetype - Skeleton, Skeleton Male | Skeleton ♂
74, Skeleton (N), m, l, Archetype - Skeleton, Skeleton Male (N) | Skeleton ♂ (N)
75, Skeleton Female (U), f, l, Archetype - Skeleton, Skeleton ♀ (U) | Lady Skeleton (U)
76, Skeleton Female, f, s, Archetype - Skeleton, Skeleton ♀ | Lady Skeleton
77, Vampire B&W, m, l, Archetype - Vampire, Vampire Male B&W | Vampire B&W ♂ | Vampire 1-Bit | Vampire Male 1-Bit
78, Vampire, m, l, Archetype - Vampire, Vampire Male | Vampire ♂
79, Vampire Female B&W, f, l, Archetype - Vampire, Vampire B&W ♀ | Vampire Female 1-Bit
80, Vampire Female (U), f, l, Archetype - Vampire, Vampire ♀ (U) | Lady Vamp (U) | Lady Vampire (U)
81, Vampire Female, f, s, Archetype - Vampire, Vampire ♀ | Lady Vamp | Lady Vampire
82, Frankenstein B&W, m, l, Archetype - Frankenstein, Frankenstein Male B&W | Frankenstein B&W ♂ | Frankenstein 1-Bit | Frankenstein Male 1-Bit
83, Frankenstein, m, l, Archetype - Frankenstein, Frankenstein Male | Frankenstein ♂
84, Frankenstein Female B&W, f, l, Archetype - Frankenstein, Frankenstein B&W ♀ | Frankenstein Female 1-Bit
85, Frankenstein Female (U), f, l, Archetype - Frankenstein, Frankenstein ♀ (U)
86, Frankenstein Female, f, s, Archetype - Frankenstein, Frankenstein ♀
87, Jack-O-Lantern, m, l, Archetype - Jack-O-Lantern, Jack-O-Lantern Male | Jack-O-Lantern ♂
88, Jack-O-Lantern Female (U), f, l, Archetype - Jack-O-Lantern, Jack-O-Lantern ♀ (U)
89, Jack-O-Lantern Female, f, s, Archetype - Jack-O-Lantern, Jack-O-Lantern ♀
90, Joker, m, l, Archetype - Joker, Joker Male | Joker ♂
91, Joker Female (U), f, l, Archetype - Joker, Joker ♀ (U)
92, Joker Female, f, s, Archetype - Joker, Joker ♀
93, Scream, m, l, Archetype - Scream, Scream Male | Scream ♂
94, Scream Female (U), f, l, Archetype - Scream, Scream ♀ (U)
95, Scream Female, f, s, Archetype - Scream, Scream ♀
96, Human Chocolate, m, l, Archetype - Human, Human Male Chocolate | Human Chocolate ♂ | Male Chocolate
97, Human Espresso, m, l, Archetype - Human, Human Male Espresso | Human Espresso ♂ | Male Espresso
98, Human Golden, m, l, Archetype - Human, Human Male Golden | Human Golden ♂ | Male Golden
99, Human Umber, m, l, Archetype - Human, Human Male Umber | Human Umber ♂ | Male Umber
100, Human Bronze, m, l, Archetype - Human, Human Male Bronze | Human Bronze ♂ | Male Bronze
101, Human Chestnut, m, l, Archetype - Human, Human Male Chestnut | Human Chestnut ♂ | Male Chestnut
102, Human Almond, m, l, Archetype - Human, Human Male Almond | Human Almond ♂ | Male Almond
103, Human Band, m, l, Archetype - Human, Human Male Band | Human Band ♂ | Male Band
104, Human Honey, m, l, Archetype - Human, Human Male Honey | Human Honey ♂ | Male Honey
105, Human Sienna, m, l, Archetype - Human, Human Male Sienna | Human Sienna ♂ | Male Sienna
106, Human Beige, m, l, Archetype - Human, Human Male Beige | Human Beige ♂ | Male Beige
107, Human Limestone, m, l, Archetype - Human, Human Male Limestone | Human Limestone ♂ | Male Limestone
108, Human Rose Beige, m, l, Archetype - Human, Human Male Rose Beige | Human Rose Beige ♂ | Male Rose Beige
109, Human Sand, m, l, Archetype - Human, Human Male Sand | Human Sand ♂ | Male Sand
110, Human Warm Ivory, m, l, Archetype - Human, Human Male Warm Ivory | Human Warm Ivory ♂ | Male Warm Ivory
111, Human Pale Ivory, m, l, Archetype - Human, Human Male Pale Ivory | Human Pale Ivory ♂ | Male Pale Ivory
112, Human Porcelain, m, l, Archetype - Human, Human Male Porcelain | Human Porcelain ♂ | Male Porcelain
113, Human Ivory, m, l, Archetype - Human, Human Male Ivory | Human Ivory ♂ | Male Ivory
114, Human Orange, m, l, Archetype - Human, Human Male Orange | Human Orange ♂ | Male Orange
115, Human Warm Red, m, l, Archetype - Human, Human Male Warm Red | Human Warm Red ♂ | Male Warm Red
116, Human Red, m, l, Archetype - Human, Human Male Red | Human Red ♂ | Male Red
117, Human Rubine Red, m, l, Archetype - Human, Human Male Rubine Red | Human Rubine Red ♂ | Male Rubine Red
118, Human Pink, m, l, Archetype - Human, Human Male Pink | Human Pink ♂ | Human Barbie Pink | Human Male Barbie Pink | Human Barbie Pink ♂ | Male Pink | Male Barbie Pink
119, Human Purple, m, l, Archetype - Human, Human Male Purple | Human Purple ♂ | Male Purple
120, Human Blue, m, l, Archetype - Human, Human Male Blue | Human Blue ♂ | Male Blue
121, Human Violet, m, l, Archetype - Human, Human Male Violet | Human Violet ♂ | Male Violet
122, Human Yellow, m, l, Archetype - Human, Human Male Yellow | Human Yellow ♂ | Male Yellow
123, Human Female Chocolate, f, s, Archetype - Human, Human Chocolate ♀ | Female Chocolate
124, Human Female Espresso, f, s, Archetype - Human, Human Espresso ♀ | Female Espresso
125, Human Female Golden, f, s, Archetype - Human, Human Golden ♀ | Female Golden
126, Human Female Umber, f, s, Archetype - Human, Human Umber ♀ | Female Umber
127, Human Female Bronze, f, s, Archetype - Human, Human Bronze ♀ | Female Bronze
128, Human Female Chestnut, f, s, Archetype - Human, Human Chestnut ♀ | Female Chestnut
129, Human Female Almond, f, s, Archetype - Human, Human Almond ♀ | Female Almond
130, Human Female Band, f, s, Archetype - Human, Human Band ♀ | Female Band
131, Human Female Honey, f, s, Archetype - Human, Human Honey ♀ | Female Honey
132, Human Female Sienna, f, s, Archetype - Human, Human Sienna ♀ | Female Sienna
133, Human Female Beige, f, s, Archetype - Human, Human Beige ♀ | Female Beige
134, Human Female Limestone, f, s, Archetype - Human, Human Limestone ♀ | Female Limestone
135, Human Female Rose Beige, f, s, Archetype - Human, Human Rose Beige ♀ | Female Rose Beige
136, Human Female Sand, f, s, Archetype - Human, Human Sand ♀ | Female Sand
137, Human Female Warm Ivory, f, s, Archetype - Human, Human Warm Ivory ♀ | Female Warm Ivory
138, Human Female Pale Ivory, f, s, Archetype - Human, Human Pale Ivory ♀ | Female Pale Ivory
139, Human Female Porcelain, f, s, Archetype - Human, Human Porcelain ♀ | Female Porcelain
140, Human Female Ivory, f, s, Archetype - Human, Human Ivory ♀ | Female Ivory
141, Human Female Orange, f, s, Archetype - Human, Human Orange ♀ | Female Orange
142, Human Female Warm Red, f, s, Archetype - Human, Human Warm Red ♀ | Female Warm Red
143, Human Female Red, f, s, Archetype - Human, Human Red ♀ | Female Red
144, Human Female Rubine Red, f, s, Archetype - Human, Human Rubine Red ♀ | Female Rubine Red
145, Human Female Pink, f, s, Archetype - Human, Human Pink ♀ | Human Female Barbie Pink | Human Barbie Pink ♀ | Female Pink | Female Barbie Pink
146, Human Female Purple, f, s, Archetype - Human, Human Purple ♀ | Female Purple
147, Human Female Blue, f, s, Archetype - Human, Human Blue ♀ | Female Blue
148, Human Female Violet, f, s, Archetype - Human, Human Violet ♀ | Female Violet
149, Human Female Yellow, f, s, Archetype - Human, Human Yellow ♀ | Female Yellow
150, Human Gold 1, m, l, Archetype - Human, Human Male Gold 1 | Human Gold 1 ♂ | Human Gold | Human Male Gold | Human Gold ♂ | Male Gold 1 | Male Gold
151, Human Gold 2, m, l, Archetype - Human, Human Male Gold 2 | Human Gold 2 ♂ | Human Goldenrod | Human Male Goldenrod | Human Goldenrod ♂ | Male Gold 2 | Male Goldenrod
152, Human Gold 3, m, l, Archetype - Human, Human Male Gold 3 | Human Gold 3 ♂ | Human Dark Goldenrod | Human Male Dark Goldenrod | Human Dark Goldenrod ♂ | Male Gold 3 | Male Dark Goldenrod
153, Human Female Gold 1, f, s, Archetype - Human, Human Gold 1 ♀ | Human Female Gold | Human Gold ♀ | Female Gold 1 | Female Gold
154, Human Female Gold 2, f, s, Archetype - Human, Human Gold 2 ♀ | Human Female Goldenrod | Human Goldenrod ♀ | Female Gold 2 | Female Goldenrod
155, Human Female Gold 3, f, s, Archetype - Human, Human Gold 3 ♀ | Human Female Dark Goldenrod | Human Dark Goldenrod ♀ | Female Gold 3 | Female Dark Goldenrod
156, Zombie Gold 1, m, l, Archetype - Zombie, Zombie Male Gold 1 | Zombie Gold 1 ♂ | Zombie Gold | Zombie Male Gold | Zombie Gold ♂
157, Zombie Gold 2, m, l, Archetype - Zombie, Zombie Male Gold 2 | Zombie Gold 2 ♂ | Zombie Goldenrod | Zombie Male Goldenrod | Zombie Goldenrod ♂
158, Zombie Gold 3, m, l, Archetype - Zombie, Zombie Male Gold 3 | Zombie Gold 3 ♂ | Zombie Dark Goldenrod | Zombie Male Dark Goldenrod | Zombie Dark Goldenrod ♂
159, Zombie Female Gold 1, f, s, Archetype - Zombie, Zombie Gold 1 ♀ | Zombie Female Gold | Zombie Gold ♀
160, Zombie Female Gold 2, f, s, Archetype - Zombie, Zombie Gold 2 ♀ | Zombie Female Goldenrod | Zombie Goldenrod ♀
161, Zombie Female Gold 3, f, s, Archetype - Zombie, Zombie Gold 3 ♀ | Zombie Female Dark Goldenrod | Zombie Dark Goldenrod ♀
162, Ape Gold 1, m, l, Archetype - Ape, Ape Male Gold 1 | Ape Gold 1 ♂ | Ape Gold | Ape Male Gold | Ape Gold ♂
163, Ape Gold 2, m, l, Archetype - Ape, Ape Male Gold 2 | Ape Gold 2 ♂ | Ape Goldenrod | Ape Male Goldenrod | Ape Goldenrod ♂
164, Ape Gold 3, m, l, Archetype - Ape, Ape Male Gold 3 | Ape Gold 3 ♂ | Ape Dark Goldenrod | Ape Male Dark Goldenrod | Ape Dark Goldenrod ♂
165, Ape Female Gold 1, f, s, Archetype - Ape, Ape Gold 1 ♀ | Ape Female Gold | Ape Gold ♀
166, Ape Female Gold 2, f, s, Archetype - Ape, Ape Gold 2 ♀ | Ape Female Goldenrod | Ape Goldenrod ♀
167, Ape Female Gold 3, f, s, Archetype - Ape, Ape Gold 3 ♀ | Ape Female Dark Goldenrod | Ape Dark Goldenrod ♀
168, Alien Gold 1, m, l, Archetype - Alien, Alien Male Gold 1 | Alien Gold 1 ♂ | Alien Gold | Alien Male Gold | Alien Gold ♂
169, Alien Gold 2, m, l, Archetype - Alien, Alien Male Gold 2 | Alien Gold 2 ♂ | Alien Goldenrod | Alien Male Goldenrod | Alien Goldenrod ♂
170, Alien Gold 3, m, l, Archetype - Alien, Alien Male Gold 3 | Alien Gold 3 ♂ | Alien Dark Goldenrod | Alien Male Dark Goldenrod | Alien Dark Goldenrod ♂
171, Alien Female Gold 1, f, s, Archetype - Alien, Alien Gold 1 ♀ | Alien Female Gold | Alien Gold ♀
172, Alien Female Gold 2, f, s, Archetype - Alien, Alien Gold 2 ♀ | Alien Female Goldenrod | Alien Goldenrod ♀
173, Alien Female Gold 3, f, s, Archetype - Alien, Alien Gold 3 ♀ | Alien Female Dark Goldenrod | Alien Dark Goldenrod ♀
174, Demon Gold 1, m, l, Archetype - Demon, Demon Male Gold 1 | Demon Gold 1 ♂ | Demon Gold | Demon Male Gold | Demon Gold ♂
175, Demon Gold 2, m, l, Archetype - Demon, Demon Male Gold 2 | Demon Gold 2 ♂ | Demon Goldenrod | Demon Male Goldenrod | Demon Goldenrod ♂
176, Demon Gold 3, m, l, Archetype - Demon, Demon Male Gold 3 | Demon Gold 3 ♂ | Demon Dark Goldenrod | Demon Male Dark Goldenrod | Demon Dark Goldenrod ♂
177, Demon Female Gold 1, f, s, Archetype - Demon, Demon Gold 1 ♀ | Demon Female Gold | Demon Gold ♀
178, Demon Female Gold 2, f, s, Archetype - Demon, Demon Gold 2 ♀ | Demon Female Goldenrod | Demon Goldenrod ♀
179, Demon Female Gold 3, f, s, Archetype - Demon, Demon Gold 3 ♀ | Demon Female Dark Goldenrod | Demon Dark Goldenrod ♀
180, Skeleton Gold 1, m, l, Archetype - Skeleton, Skeleton Male Gold 1 | Skeleton Gold 1 ♂ | Skeleton Gold | Skeleton Male Gold | Skeleton Gold ♂
181, Skeleton Gold 2, m, l, Archetype - Skeleton, Skeleton Male Gold 2 | Skeleton Gold 2 ♂ | Skeleton Goldenrod | Skeleton Male Goldenrod | Skeleton Goldenrod ♂
182, Skeleton Gold 3, m, l, Archetype - Skeleton, Skeleton Male Gold 3 | Skeleton Gold 3 ♂ | Skeleton Dark Goldenrod | Skeleton Male Dark Goldenrod | Skeleton Dark Goldenrod ♂
183, Skeleton Female Gold 1, f, s, Archetype - Skeleton, Skeleton Gold 1 ♀ | Skeleton Female Gold | Skeleton Gold ♀
184, Skeleton Female Gold 2, f, s, Archetype - Skeleton, Skeleton Gold 2 ♀ | Skeleton Female Goldenrod | Skeleton Goldenrod ♀
185, Skeleton Female Gold 3, f, s, Archetype - Skeleton, Skeleton Gold 3 ♀ | Skeleton Female Dark Goldenrod | Skeleton Dark Goldenrod ♀
186, Alien 0°, m, l, Archetype - Alien, Alien Male 0° | Alien 0° ♂ | Alien Red | Alien Male Red | Alien Red ♂
187, Alien 30°, m, l, Archetype - Alien, Alien Male 30° | Alien 30° ♂ | Alien Orange | Alien Male Orange | Alien Orange ♂
188, Alien 60°, m, l, Archetype - Alien, Alien Male 60° | Alien 60° ♂ | Alien Yellow | Alien Male Yellow | Alien Yellow ♂
189, Alien 90°, m, l, Archetype - Alien, Alien Male 90° | Alien 90° ♂ | Alien Yellow Green | Alien Male Yellow Green | Alien Yellow Green ♂
190, Alien 120°, m, l, Archetype - Alien, Alien Male 120° | Alien 120° ♂ | Alien Green | Alien Male Green | Alien Green ♂
191, Alien 150°, m, l, Archetype - Alien, Alien Male 150° | Alien 150° ♂ | Alien Cyan Green | Alien Male Cyan Green | Alien Cyan Green ♂
192, Alien 180°, m, l, Archetype - Alien, Alien Male 180° | Alien 180° ♂ | Alien Cyan | Alien Male Cyan | Alien Cyan ♂
193, Alien 210°, m, l, Archetype - Alien, Alien Male 210° | Alien 210° ♂ | Alien Cyan Blue | Alien Male Cyan Blue | Alien Cyan Blue ♂
194, Alien 240°, m, l, Archetype - Alien, Alien Male 240° | Alien 240° ♂ | Alien Blue | Alien Male Blue | Alien Blue ♂
195, Alien 270°, m, l, Archetype - Alien, Alien Male 270° | Alien 270° ♂ | Alien Violet | Alien Male Violet | Alien Violet ♂
196, Alien 300°, m, l, Archetype - Alien, Alien Male 300° | Alien 300° ♂ | Alien Magenta | Alien Male Magenta | Alien Magenta ♂
197, Alien 330°, m, l, Archetype - Alien, Alien Male 330° | Alien 330° ♂ | Alien Red Magenta | Alien Male Red Magenta | Alien Red Magenta ♂
198, Alien (Ape) 0°, m, l, Archetype - Alien, Alien (Ape) Male 0° | Alien (Ape) 0° ♂ | Alien (Ape) Red | Alien (Ape) Male Red | Alien (Ape) Red ♂
199, Alien (Ape) 30°, m, l, Archetype - Alien, Alien (Ape) Male 30° | Alien (Ape) 30° ♂ | Alien (Ape) Orange | Alien (Ape) Male Orange | Alien (Ape) Orange ♂
200, Alien (Ape) 60°, m, l, Archetype - Alien, Alien (Ape) Male 60° | Alien (Ape) 60° ♂ | Alien (Ape) Yellow | Alien (Ape) Male Yellow | Alien (Ape) Yellow ♂
201, Alien (Ape) 90°, m, l, Archetype - Alien, Alien (Ape) Male 90° | Alien (Ape) 90° ♂ | Alien (Ape) Yellow Green | Alien (Ape) Male Yellow Green | Alien (Ape) Yellow Green ♂
202, Alien (Ape) 120°, m, l, Archetype - Alien, Alien (Ape) Male 120° | Alien (Ape) 120° ♂ | Alien (Ape) Green | Alien (Ape) Male Green | Alien (Ape) Green ♂
203, Alien (Ape) 150°, m, l, Archetype - Alien, Alien (Ape) Male 150° | Alien (Ape) 150° ♂ | Alien (Ape) Cyan Green | Alien (Ape) Male Cyan Green | Alien (Ape) Cyan Green ♂
204, Alien (Ape) 180°, m, l, Archetype - Alien, Alien (Ape) Male 180° | Alien (Ape) 180° ♂ | Alien (Ape) Cyan | Alien (Ape) Male Cyan | Alien (Ape) Cyan ♂
205, Alien (Ape) 210°, m, l, Archetype - Alien, Alien (Ape) Male 210° | Alien (Ape) 210° ♂ | Alien (Ape) Cyan Blue | Alien (Ape) Male Cyan Blue | Alien (Ape) Cyan Blue ♂
206, Alien (Ape) 240°, m, l, Archetype - Alien, Alien (Ape) Male 240° | Alien (Ape) 240° ♂ | Alien (Ape) Blue | Alien (Ape) Male Blue | Alien (Ape) Blue ♂
207, Alien (Ape) 270°, m, l, Archetype - Alien, Alien (Ape) Male 270° | Alien (Ape) 270° ♂ | Alien (Ape) Violet | Alien (Ape) Male Violet | Alien (Ape) Violet ♂
208, Alien (Ape) 300°, m, l, Archetype - Alien, Alien (Ape) Male 300° | Alien (Ape) 300° ♂ | Alien (Ape) Magenta | Alien (Ape) Male Magenta | Alien (Ape) Magenta ♂
209, Alien (Ape) 330°, m, l, Archetype - Alien, Alien (Ape) Male 330° | Alien (Ape) 330° ♂ | Alien (Ape) Red Magenta | Alien (Ape) Male Red Magenta | Alien (Ape) Red Magenta ♂
210, Alien Female 0°, f, s, Archetype - Alien, Alien 0° ♀ | Alien Female Red | Alien Red ♀
211, Alien Female 30°, f, s, Archetype - Alien, Alien 30° ♀ | Alien Female Orange | Alien Orange ♀
212, Alien Female 60°, f, s, Archetype - Alien, Alien 60° ♀ | Alien Female Yellow | Alien Yellow ♀
213, Alien Female 90°, f, s, Archetype - Alien, Alien 90° ♀ | Alien Female Yellow Green | Alien Yellow Green ♀
214, Alien Female 120°, f, s, Archetype - Alien, Alien 120° ♀ | Alien Female Green | Alien Green ♀
215, Alien Female 150°, f, s, Archetype - Alien, Alien 150° ♀ | Alien Female Cyan Green | Alien Cyan Green ♀
216, Alien Female 180°, f, s, Archetype - Alien, Alien 180° ♀ | Alien Female Cyan | Alien Cyan ♀
217, Alien Female 210°, f, s, Archetype - Alien, Alien 210° ♀ | Alien Female Cyan Blue | Alien Cyan Blue ♀
218, Alien Female 240°, f, s, Archetype - Alien, Alien 240° ♀ | Alien Female Blue | Alien Blue ♀
219, Alien Female 270°, f, s, Archetype - Alien, Alien 270° ♀ | Alien Female Violet | Alien Violet ♀
220, Alien Female 300°, f, s, Archetype - Alien, Alien 300° ♀ | Alien Female Magenta | Alien Magenta ♀
221, Alien Female 330°, f, s, Archetype - Alien, Alien 330° ♀ | Alien Female Red Magenta | Alien Red Magenta ♀
222, Human 1-II (F), m, l, Archetype - Human, Human Male 1-II (F) | Human 1-II ♂ (F) | Male 1-II (F)
223, Human 2-II (F), m, l, Archetype - Human, Human Male 2-II (F) | Human 2-II ♂ (F) | Male 2-II (F)
224, Human 3-II (F), m, l, Archetype - Human, Human Male 3-II (F) | Human 3-II ♂ (F) | Male 3-II (F)
225, Human 4-II (F), m, l, Archetype - Human, Human Male 4-II (F) | Human 4-II ♂ (F) | Male 4-II (F)
226, Human B&W II, m, l, Archetype - Human, Human Male B&W II | Human B&W II ♂ | Male B&W II | Male 1-Bit II
227, Human Female 1-II (F), f, l, Archetype - Human, Human 1-II ♀ (F) | Female 1-II (F)
228, Human Female 2-II (F), f, l, Archetype - Human, Human 2-II ♀ (F) | Female 2-II (F)
229, Human Female 3-II (F), f, l, Archetype - Human, Human 3-II ♀ (F) | Female 3-II (F)
230, Human Female 4-II (F), f, l, Archetype - Human, Human 4-II ♀ (F) | Female 4-II (F)
231, Human Female B&W II, f, l, Archetype - Human, Human B&W II ♀ | Female B&W II | Female 1-Bit II
232, Eyebrows, u, l, Attribute, 
233, Eyes, u, l, Attribute, 
234, Mouth, u, l, Attribute, 
235, Nose, u, l, Attribute, 
236, Nose Small, u, l, Attribute, Small Nose
237, Mouth Darker, f, u, Attribute, Mouth 1
238, Mouth Dark, f, u, Attribute, Mouth 2
239, Mouth Light, f, u, Attribute, Mouth 3
240, Mouth Lighter, f, u, Attribute, Mouth 4
241, Smile Darker, f, u, Attribute, Smile 1
242, Smile Dark, f, u, Attribute, Smile 2
243, Smile Light, f, u, Attribute, Smile 3
244, Smile Lighter, f, u, Attribute, Smile 4
245, Smile Zombie, f, u, Attribute, 
246, Frown Darker, f, u, Attribute, Frown 1
247, Frown Dark, f, u, Attribute, Frown 2
248, Frown Light, f, u, Attribute, Frown 3
249, Frown Lighter, f, u, Attribute, Frown 4
250, Frown Zombie, f, u, Attribute, 
251, 3D Glasses, u, l, Attribute, 
252, 3D Glasses, f, s, Attribute, 
253, Big Shades, u, l, Attribute, 
254, Big Shades, f, s, Attribute, 
255, Classic Shades, u, l, Attribute, 
256, Classic Shades, f, s, Attribute, 
257, Eye Mask, u, l, Attribute, 
258, Eye Mask, f, s, Attribute, 
259, Eye Patch, u, l, Attribute, 
260, Eye Patch, f, s, Attribute, 
261, Horned Rim Glasses, u, l, Attribute, 
262, Horned Rim Glasses, f, s, Attribute, 
263, Nerd Glasses, u, l, Attribute, 
264, Nerd Glasses, f, s, Attribute, 
265, Regular Shades, u, l, Attribute, 
266, Regular Shades, f, s, Attribute, 
267, Small Shades, u, l, Attribute, 
268, Small Shades, f, s, Attribute, 
269, VR, u, l, Attribute, 
270, VR, f, s, Attribute, 
271, Welding Goggles, f, s, Attribute, 
272, Heart Shades, u, l, Attribute, 
273, Heart Shades, f, s, Attribute, 
274, Ski Googles, u, l, Attribute, 
275, Ski Googles, f, s, Attribute, 
276, Laser Eyes, u, l, Attribute, Laser Eyes Red
277, Laser Eyes, f, s, Attribute, Laser Eyes Red
278, Laser Eyes Gold, u, l, Attribute, 
279, Laser Eyes Gold, f, s, Attribute, 
280, Tears, u, l, Attribute, 
281, Tears, f, s, Attribute, 
282, Blue Eye Shadow, f, s, Attribute, 
283, Green Eye Shadow, f, s, Attribute, 
284, Green Eye Shadow, f, l, Attribute, 
285, Purple Eye Shadow, f, s, Attribute, 
286, Clown Eyes Blue, u, l, Attribute, 
287, Clown Eyes Blue, f, s, Attribute, 
288, Clown Eyes Green, u, l, Attribute, 
289, Clown Eyes Green, f, s, Attribute, 
290, Clown Eyes Purple, u, l, Attribute, 
291, Clown Eyes Purple, f, s, Attribute, 
292, Mole, u, l, Attribute, 
293, Mole, f, s, Attribute, 
294, Rosy Cheeks, u, l, Attribute, 
295, Rosy Cheeks, f, s, Attribute, 
296, Spots, u, l, Attribute, 
297, Spots, f, s, Attribute, 
298, Clown Nose, u, l, Attribute, Clown Nose Red
299, Clown Nose, f, s, Attribute, Clown Nose Red
300, Clown Nose Blue, u, l, Attribute, 
301, Clown Nose Blue, f, s, Attribute, 
302, Clown Nose Green, u, l, Attribute, 
303, Clown Nose Green, f, s, Attribute, 
304, Earring, u, l, Attribute, Gold Earring
305, Earring, f, s, Attribute, Gold Earring
306, Silver Earring, u, l, Attribute, 
307, Silver Earring, f, s, Attribute, 
308, Buck Teeth, m, l, Attribute, 
309, Frown, m, l, Attribute, 
310, Smile, m, l, Attribute, 
311, Black Lipstick, f, u, Attribute, 
312, Hot Lipstick, f, u, Attribute, 
313, Purple Lipstick, f, u, Attribute, 
314, Pink Lipstick, f, u, Attribute, 
315, Red Lipstick, f, u, Attribute, 
316, Cigarette, u, l, Attribute, 
317, Cigarette, f, s, Attribute, 
318, Medical Mask, u, l, Attribute, 
319, Medical Mask, f, s, Attribute, 
320, Pipe, u, l, Attribute, 
321, Pipe, f, s, Attribute, 
322, Vape, u, l, Attribute, 
323, Vape, f, s, Attribute, 
324, Bubble Gum, u, l, Attribute, 
325, Bubble Gum, f, s, Attribute, 
326, Cigar, u, l, Attribute, 
327, Cigar, f, s, Attribute, 
328, Choker, f, u, Attribute, 
329, Gold Chain, m, l, Attribute, 
330, Gold Chain, f, u, Attribute, 
331, Silver Chain, m, l, Attribute, 
332, Silver Chain, f, u, Attribute, 
333, Gold Diamond Chain, m, l, Attribute, Gold Diamond Necklace
334, Gold Diamond Chain, f, u, Attribute, Gold Diamond Necklace
335, Big Beard, m, l, Attribute, 
336, Chinstrap, m, l, Attribute, 
337, Front Beard, m, l, Attribute, 
338, Front Beard Dark, m, l, Attribute, 
339, Goat, m, l, Attribute, 
340, Handlebars, m, l, Attribute, 
341, Luxurious Beard, m, l, Attribute, 
342, Mustache, m, l, Attribute, 
343, Muttonchops, m, l, Attribute, 
344, Normal Beard, m, l, Attribute, 
345, Normal Beard Black, m, l, Attribute, 
346, Shadow Beard, m, l, Attribute, 
347, Bandana, u, l, Attribute, 
348, Bandana, f, s, Attribute, 
349, Beanie, u, l, Attribute, 
350, Beanie, f, s, Attribute, 
351, Cap Forward, u, l, Attribute, 
352, Cap Forward, f, s, Attribute, 
353, Cowboy Hat, u, l, Attribute, 
354, Cowboy Hat, f, s, Attribute, 
355, Do-rag, u, l, Attribute, 
356, Do-rag, f, s, Attribute, 
357, Fedora, u, l, Attribute, Fedora 1
358, Fedora, f, s, Attribute, Fedora 1
359, Headband, u, l, Attribute, 
360, Headband, f, s, Attribute, Headband 1 | Black with Headband
361, Headband 2, f, s, Attribute, 
362, Hoodie, m, l, Attribute, 
363, Hoodie, f, l, Attribute, 
364, Hoodie, f, s, Attribute, 
365, Knitted Cap, u, l, Attribute, 
366, Knitted Cap, f, s, Attribute, 
367, Pilot Helmet, f, s, Attribute, 
368, Police Cap, u, l, Attribute, 
369, Police Cap, f, s, Attribute, 
370, Tassle Hat, f, s, Attribute, 
371, Tiara, f, s, Attribute, 
372, Top Hat, u, l, Attribute, 
373, Top Hat, f, s, Attribute, 
374, Demon Horns, u, l, Attribute, 
375, Demon Horns, f, s, Attribute, 
376, Bear Hood, m, l, Attribute, 
377, Bear Hood, f, s, Attribute, 
378, Birthday Hat, u, l, Attribute, 
379, Birthday Hat, f, s, Attribute, 
380, Bow, f, s, Attribute, 
381, Crown, u, l, Attribute, 
382, Crown, f, s, Attribute, 
383, Flowers, f, s, Attribute, 
384, Frog Hood, m, l, Attribute, 
385, Frog Hood, f, s, Attribute, 
386, Jester Hat, u, l, Attribute, 
387, Jester Hat, f, s, Attribute, 
388, Santa Hat, u, l, Attribute, 
389, Santa Hat, f, s, Attribute, 
390, Sombrero, u, l, Attribute, Sombrero 1
391, Sombrero, f, s, Attribute, Sombrero 1
392, Sun Hat, u, l, Attribute, 
393, Sun Hat, f, s, Attribute, 
394, Superhero Tiara, f, s, Attribute, 
395, Viking Helmet, u, l, Attribute, 
396, Viking Helmet, f, s, Attribute, 
397, Winter Hat, u, l, Attribute, 
398, Winter Hat, f, s, Attribute, 
399, Wizard Hat, u, l, Attribute, 
400, Australian Cork Hat, m, l, Attribute, 
401, Australian Cork Hat, f, s, Attribute, 
402, Ayam, m, l, Attribute, 
403, Ayam, f, s, Attribute, 
404, Bamboo Hat, m, l, Attribute, 
405, Bamboo Hat, f, s, Attribute, 
406, Baseball Cap, m, l, Attribute, 
407, Baseball Cap, f, s, Attribute, 
408, Bear Skin, m, l, Attribute, 
409, Bear Skin, f, s, Attribute, 
410, Beer Bong, m, l, Attribute, 
411, Beer Bong, f, s, Attribute, 
412, Beret, m, l, Attribute, 
413, Beret, f, s, Attribute, 
414, Boater, m, l, Attribute, 
415, Boater, f, s, Attribute, 
416, Bororo, m, l, Attribute, 
417, Bororo, f, s, Attribute, 
418, Chichak Helmet, m, l, Attribute, 
419, Chichak Helmet, f, s, Attribute, 
420, Chinese Landlords Hat, m, l, Attribute, 
421, Chinese Landlords Hat, f, s, Attribute, 
422, Chullo, m, l, Attribute, 
423, Chullo, f, s, Attribute, 
424, Fedora 2, m, l, Attribute, 
425, Fedora 2, f, s, Attribute, 
426, Fez, m, l, Attribute, 
427, Fez, f, s, Attribute, 
428, Fisherman Cap, m, l, Attribute, 
429, Fisherman Cap, f, s, Attribute, 
430, Flamenco Hat, m, l, Attribute, 
431, Flamenco Hat, f, s, Attribute, 
432, Flower Crown, m, l, Attribute, 
433, Flower Crown, f, s, Attribute, 
434, Gat, m, l, Attribute, 
435, Gat, f, s, Attribute, 
436, Gaucho, m, l, Attribute, 
437, Gaucho, f, s, Attribute, 
438, Hennin, m, l, Attribute, 
439, Hennin, f, s, Attribute, 
440, Isicholo, m, l, Attribute, 
441, Isicholo, f, s, Attribute, 
442, Jaapi, m, l, Attribute, 
443, Jaapi, f, s, Attribute, 
444, Keffiyeh, m, l, Attribute, 
445, Keffiyeh, f, s, Attribute, 
446, Krakowiak, m, l, Attribute, 
447, Krakowiak, f, s, Attribute, 
448, Misango Cap, m, l, Attribute, 
449, Misango Cap, f, s, Attribute, 
450, Newsboy Cap, m, l, Attribute, 
451, Panama Hat, m, l, Attribute, 
452, Panama Hat, f, s, Attribute, 
453, Rasta, m, l, Attribute, 
454, Rasta, f, s, Attribute, 
455, Royal Cocktail Hat, f, s, Attribute, 
456, Sibenik, m, l, Attribute, 
457, Sibenik, f, s, Attribute, 
458, Sombrero 2, m, l, Attribute, 
459, Sombrero 2, f, s, Attribute, 
460, Tam-O-Shanter, m, l, Attribute, 
461, Tam-O-Shanter, f, s, Attribute, 
462, Trapper Hat, m, l, Attribute, 
463, Trapper Hat, f, s, Attribute, 
464, Tuque, m, l, Attribute, 
465, Tuque, f, s, Attribute, 
466, Turban, m, l, Attribute, 
467, Turban, f, s, Attribute, 
468, Tyrolean, m, l, Attribute, 
469, Tyrolean, f, s, Attribute, 
470, Ushanka, m, l, Attribute, 
471, Ushanka, f, s, Attribute, 
472, Viking Hat, m, l, Attribute, 
473, Viking Hat, f, s, Attribute, 
474, Cap, u, l, Attribute, 
475, Cap, f, s, Attribute, 
476, Cap 0°, u, l, Attribute, Cap Red
477, Cap 0°, f, s, Attribute, Cap Red
478, Cap 30°, u, l, Attribute, Cap Orange
479, Cap 30°, f, s, Attribute, Cap Orange
480, Cap 60°, u, l, Attribute, Cap Yellow
481, Cap 60°, f, s, Attribute, Cap Yellow
482, Cap 90°, u, l, Attribute, Cap Yellow Green
483, Cap 90°, f, s, Attribute, Cap Yellow Green
484, Cap 120°, u, l, Attribute, Cap Green
485, Cap 120°, f, s, Attribute, Cap Green
486, Cap 150°, u, l, Attribute, Cap Cyan Green
487, Cap 150°, f, s, Attribute, Cap Cyan Green
488, Cap 180°, u, l, Attribute, Cap Cyan
489, Cap 180°, f, s, Attribute, Cap Cyan
490, Cap 210°, u, l, Attribute, Cap Cyan Blue
491, Cap 210°, f, s, Attribute, Cap Cyan Blue
492, Cap 240°, u, l, Attribute, Cap Blue
493, Cap 240°, f, s, Attribute, Cap Blue
494, Cap 270°, u, l, Attribute, Cap Violet
495, Cap 270°, f, s, Attribute, Cap Violet
496, Cap 300°, u, l, Attribute, Cap Magenta
497, Cap 300°, f, s, Attribute, Cap Magenta
498, Cap 330°, u, l, Attribute, Cap Red Magenta
499, Cap 330°, f, s, Attribute, Cap Red Magenta
500, Cap Br, u, l, Attribute, Cap Baskin-Robbins
501, Cap Br Flipped, u, l, Attribute, Cap Baskin-Robbins Flipped
502, Cap Br, f, s, Attribute, Cap Baskin-Robbins
503, Cap Br Flipped, f, s, Attribute, Cap Baskin-Robbins Flipped
504, Cap Brk, u, l, Attribute, Cap Burger King
505, Cap Burger King Flipped, u, l  Cap Brk Flipped, Attribute, 
506, Cap Brk, f, s, Attribute, Cap Burger King
507, Cap Burger King Flipped, f, s  Cap Brk Flipped, Attribute, 
508, Cap Castle, u, l, Attribute, Cap White Castle
509, Cap Castle Flipped, u, l, Attribute, Cap White Castle Flipped
510, Cap Castle, f, s, Attribute, Cap White Castle
511, Cap Castle Flipped, f, s, Attribute, Cap White Castle Flipped
512, Cap Dom, u, l, Attribute, Cap Domino's | Cap Domino's Pizza
513, Cap Dom Flipped, u, l, Attribute, Cap Domino's Flipped | Cap Domino's Pizza Flipped
514, Cap Dom, f, s, Attribute, Cap Domino's | Cap Domino's Pizza
515, Cap Dom Flipped, f, s, Attribute, Cap Domino's Flipped | Cap Domino's Pizza Flipped
516, Cap Dunk, u, l, Attribute, Cap Dunkin' | Cap Dunkin' Donuts
517, Cap Dunk Flipped, u, l, Attribute, Cap Dunkin' Flipped | Cap Dunkin' Donuts Flipped
518, Cap Dunk, f, s, Attribute, Cap Dunkin' | Cap Dunkin' Donuts
519, Cap Dunk Flipped, f, s, Attribute, Cap Dunkin' Flipped | Cap Dunkin' Donuts Flipped
520, Cap Hut, u, l, Attribute, Cap Pizza Hut
521, Cap Hut Flipped, u, l, Attribute, Cap Pizza Hut Flipped
522, Cap Hut, f, s, Attribute, Cap Pizza Hut
523, Cap Hut Flipped, f, s, Attribute, Cap Pizza Hut Flipped
524, Cap Jack, u, l, Attribute, Cap Jack in the Box
525, Cap Jack Flipped, u, l, Attribute, Cap Jack in the Box Flipped
526, Cap Jack, f, s, Attribute, Cap Jack in the Box
527, Cap Jack Flipped, f, s, Attribute, Cap Jack in the Box Flipped
528, Cap Kentucky, u, l, Attribute, Cap KFC | Cap Kentucky Fried Chicken
529, Cap Kentucky Flipped, u, l, Attribute, Cap KFC Flipped | Cap Kentucky Fried Chicken Flipped
530, Cap Kentucky, f, s, Attribute, Cap KFC | Cap Kentucky Fried Chicken
531, Cap Kentucky Flipped, f, s, Attribute, Cap KFC Flipped | Cap Kentucky Fried Chicken Flipped
532, Cap M, u, l, Attribute, Cap McDonald's | Cap M Red | Cap McDonald's Red
533, Cap M Flipped, u, l, Attribute, Cap McDonald's Flipped | Cap M Red Flipped | Cap McDonald's Red Flipped
534, Cap M White, u, l, Attribute, Cap McDonald's White
535, Cap M White Flipped, u, l, Attribute, Cap McDonald's White Flipped
536, Cap M Gray, u, l, Attribute, Cap McDonald's Gray
537, Cap M Gray Flipped, u, l, Attribute, Cap McDonald's Gray Flipped
538, Cap M Black, u, l, Attribute, Cap McDonald's Black
539, Cap M Black Flipped, u, l, Attribute, Cap McDonald's Black Flipped
540, Cap M, f, s, Attribute, Cap McDonald's | Cap M Red | Cap McDonald's Red
541, Cap M Flipped, f, s, Attribute, Cap McDonald's Flipped | Cap M Red Flipped | Cap McDonald's Red Flipped
542, Cap M White, f, s, Attribute, Cap McDonald's White
543, Cap M White Flipped, f, s, Attribute, Cap McDonald's White Flipped
544, Cap M Gray, f, s, Attribute, Cap McDonald's Gray
545, Cap M Gray Flipped, f, s, Attribute, Cap McDonald's Gray Flipped
546, Cap M Black, f, s, Attribute, Cap McDonald's Black
547, Cap M Black Flipped, f, s, Attribute, Cap McDonald's Black Flipped
548, Cap Sub, u, l, Attribute, Cap Subway
549, Cap Sub Flipped, u, l, Attribute, Cap Subway Flipped
550, Cap Sub, f, s, Attribute, Cap Subway
551, Cap Sub Flipped, f, s, Attribute, Cap Subway Flipped
552, Cap W, u, l, Attribute, Cap Wendy's
553, Cap W Flipped, u, l, Attribute, Cap Wendy's Flipped
554, Cap W, f, s, Attribute, Cap Wendy's
555, Cap W Flipped, f, s, Attribute, Cap Wendy's Flipped
556, Bucket Hat M, u, l, Attribute, Bucket Hat McDonald's
557, Cowboy Hat M, u, l, Attribute, Cowboy Hat McDonald's
558, Crown Brk, u, l, Attribute, Crown Burger King | Burger King Crown
559, Safari Hat Kentucky, u, l, Attribute, Safari Hat KFC | Safari Hat Kentucky Fried Chicken
560, Blonde Short, f, s, Attribute, 
561, Crazy Hair, m, l, Attribute, 
562, Crazy Hair, f, s, Attribute, 
563, Crazy Hair, f, l, Attribute, 
564, Dark Hair, f, s, Attribute, 
565, Frumpy Hair, m, l, Attribute, 
566, Frumpy Hair, f, s, Attribute, 
567, Half Shaved, f, s, Attribute, 
568, Messy Hair, u, l, Attribute, 
569, Messy Hair, f, s, Attribute, 
570, Mohawk, u, l, Attribute, 
571, Mohawk, f, s, Attribute, 
572, Mohawk Dark, u, l, Attribute, 
573, Mohawk Dark, f, s, Attribute, 
574, Mohawk Thin, u, l, Attribute, 
575, Mohawk Thin, f, s, Attribute, 
576, Orange Side, f, s, Attribute, 
577, Peak Spike, m, l, Attribute, 
578, Pigtails, f, s, Attribute, 
579, Pink with Hat, f, s, Attribute, 
580, Purple Hair, m, l, Attribute, 
581, Purple Hair, f, s, Attribute, 
582, Red Mohawk, f, s, Attribute, 
583, Shaved Head, u, l, Attribute, 
584, Shaved Head, f, s, Attribute, 
585, Straight Hair, f, s, Attribute, 
586, Straight Hair Blonde, f, s, Attribute, 
587, Straight Hair Dark, f, s, Attribute, 
588, Stringy Hair, u, l, Attribute, 
589, Stringy Hair, f, s, Attribute, 
590, Vampire Hair, m, l, Attribute, 
591, Wild Blonde, f, s, Attribute, 
592, Wild Hair, m, l, Attribute, 
593, Wild Hair, f, s, Attribute, 
594, Wild Hair, f, l, Attribute, 
595, Wild White Hair, f, s, Attribute, 
596, Black Afro, u, l, Attribute, 
597, Black Afro, f, s, Attribute, 
598, Brown Afro, u, l, Attribute, 
599, Dark Red Afro, u, l, Attribute, 
600, Orange Afro, u, l, Attribute, 
601, Red Afro, u, l, Attribute, 
602, Pink Afro, u, l, Attribute, 
603, Purple Afro, u, l, Attribute, 
604, Blue Afro, u, l, Attribute, 
605, Periwinkle Afro, u, l, Attribute, 
606, Light Blue Afro, u, l, Attribute, 
607, Light Green Afro, u, l, Attribute, 
608, Green Afro, u, l, Attribute, 
609, Teal Afro, u, l, Attribute, 
610, Blonde Afro, u, l, Attribute, 
611, Silver Afro, u, l, Attribute, 
612, White Afro, u, l, Attribute, 
613, Brown Afro, f, s, Attribute, 
614, Dark Red Afro, f, s, Attribute, 
615, Orange Afro, f, s, Attribute, 
616, Red Afro, f, s, Attribute, 
617, Pink Afro, f, s, Attribute, 
618, Purple Afro, f, s, Attribute, 
619, Blue Afro, f, s, Attribute, 
620, Periwinkle Afro, f, s, Attribute, 
621, Light Blue Afro, f, s, Attribute, 
622, Light Green Afro, f, s, Attribute, 
623, Green Afro, f, s, Attribute, 
624, Teal Afro, f, s, Attribute, 
625, Blonde Afro, f, s, Attribute, 
626, Silver Afro, f, s, Attribute, 
627, White Afro, f, s, Attribute, 
628, Big Hair Black, u, l, Attribute, 
629, Big Hair Black, f, s, Attribute, 
630, Big Hair Brown, u, l, Attribute, 
631, Big Hair Dark Red, u, l, Attribute, 
632, Big Hair Orange, u, l, Attribute, 
633, Big Hair Red, u, l, Attribute, 
634, Big Hair Pink, u, l, Attribute, 
635, Big Hair Purple, u, l, Attribute, 
636, Big Hair Blue, u, l, Attribute, 
637, Big Hair Periwinkle, u, l, Attribute, 
638, Big Hair Light Blue, u, l, Attribute, 
639, Big Hair Light Green, u, l, Attribute, 
640, Big Hair Green, u, l, Attribute, 
641, Big Hair Teal, u, l, Attribute, 
642, Big Hair Blonde, u, l, Attribute, 
643, Big Hair Silver, u, l, Attribute, 
644, Big Hair White, u, l, Attribute, 
645, Big Hair Brown, f, s, Attribute, 
646, Big Hair Dark Red, f, s, Attribute, 
647, Big Hair Orange, f, s, Attribute, 
648, Big Hair Red, f, s, Attribute, 
649, Big Hair Pink, f, s, Attribute, 
650, Big Hair Purple, f, s, Attribute, 
651, Big Hair Blue, f, s, Attribute, 
652, Big Hair Periwinkle, f, s, Attribute, 
653, Big Hair Light Blue, f, s, Attribute, 
654, Big Hair Light Green, f, s, Attribute, 
655, Big Hair Green, f, s, Attribute, 
656, Big Hair Teal, f, s, Attribute, 
657, Big Hair Blonde, f, s, Attribute, 
658, Big Hair Silver, f, s, Attribute, 
659, Big Hair White, f, s, Attribute, 
660, Black Bob, f, s, Attribute, 
661, Brown Bob, f, s, Attribute, 
662, Dark Red Bob, f, s, Attribute, 
663, Orange Bob, f, s, Attribute, 
664, Red Bob, f, s, Attribute, 
665, Pink Bob, f, s, Attribute, 
666, Purple Bob, f, s, Attribute, 
667, Blue Bob, f, s, Attribute, 
668, Periwinkle Bob, f, s, Attribute, 
669, Light Blue Bob, f, s, Attribute, 
670, Light Green Bob, f, s, Attribute, 
671, Green Bob, f, s, Attribute, 
672, Teal Bob, f, s, Attribute, 
673, Silver Bob, f, s, Attribute, 
674, White Bob, f, s, Attribute, 
675, Blonde Bob, f, l, Attribute, 
676, Blonde Bob, f, s, Attribute, 
677, Blonder Bob, f, s, Attribute, 
678, Black Buzz Cut, u, l, Attribute, 
679, Black Buzz Cut, f, s, Attribute, 
680, Brown Buzz Cut, u, l, Attribute, 
681, Dark Red Buzz Cut, u, l, Attribute, 
682, Orange Buzz Cut, u, l, Attribute, 
683, Red Buzz Cut, u, l, Attribute, 
684, Pink Buzz Cut, u, l, Attribute, 
685, Purple Buzz Cut, u, l, Attribute, 
686, Blue Buzz Cut, u, l, Attribute, 
687, Periwinkle Buzz Cut, u, l, Attribute, 
688, Light Blue Buzz Cut, u, l, Attribute, 
689, Light Green Buzz Cut, u, l, Attribute, 
690, Green Buzz Cut, u, l, Attribute, 
691, Teal Buzz Cut, u, l, Attribute, 
692, Blonde Buzz Cut, u, l, Attribute, 
693, Silver Buzz Cut, u, l, Attribute, 
694, White Buzz Cut, u, l, Attribute, 
695, Brown Buzz Cut, f, s, Attribute, 
696, Dark Red Buzz Cut, f, s, Attribute, 
697, Orange Buzz Cut, f, s, Attribute, 
698, Red Buzz Cut, f, s, Attribute, 
699, Pink Buzz Cut, f, s, Attribute, 
700, Purple Buzz Cut, f, s, Attribute, 
701, Blue Buzz Cut, f, s, Attribute, 
702, Periwinkle Buzz Cut, f, s, Attribute, 
703, Light Blue Buzz Cut, f, s, Attribute, 
704, Light Green Buzz Cut, f, s, Attribute, 
705, Green Buzz Cut, f, s, Attribute, 
706, Teal Buzz Cut, f, s, Attribute, 
707, Blonde Buzz Cut, f, s, Attribute, 
708, Silver Buzz Cut, f, s, Attribute, 
709, White Buzz Cut, f, s, Attribute, 
710, Clown Hair Black, m, l, Attribute, 
711, Clown Hair Black, f, s, Attribute, 
712, Clown Hair Brown, m, l, Attribute, 
713, Clown Hair Dark Red, m, l, Attribute, 
714, Clown Hair Orange, m, l, Attribute, 
715, Clown Hair Red, m, l, Attribute, 
716, Clown Hair Pink, m, l, Attribute, 
717, Clown Hair Purple, m, l, Attribute, 
718, Clown Hair Blue, m, l, Attribute, 
719, Clown Hair Periwinkle, m, l, Attribute, 
720, Clown Hair Light Blue, m, l, Attribute, 
721, Clown Hair Light Green, m, l, Attribute, 
722, Clown Hair Green, m, l, Attribute, 
723, Clown Hair Teal, m, l, Attribute, 
724, Clown Hair Blonde, m, l, Attribute, 
725, Clown Hair Silver, m, l, Attribute, 
726, Clown Hair White, m, l, Attribute, 
727, Clown Hair Brown, f, s, Attribute, 
728, Clown Hair Dark Red, f, s, Attribute, 
729, Clown Hair Orange, f, s, Attribute, 
730, Clown Hair Red, f, s, Attribute, 
731, Clown Hair Pink, f, s, Attribute, 
732, Clown Hair Purple, f, s, Attribute, 
733, Clown Hair Blue, f, s, Attribute, 
734, Clown Hair Periwinkle, f, s, Attribute, 
735, Clown Hair Light Blue, f, s, Attribute, 
736, Clown Hair Light Green, f, s, Attribute, 
737, Clown Hair Green, f, s, Attribute, 
738, Clown Hair Teal, f, s, Attribute, 
739, Clown Hair Blonde, f, s, Attribute, 
740, Clown Hair Silver, f, s, Attribute, 
741, Clown Hair White, f, s, Attribute, 
742, Top Hat B&W, u, l, Attribute, 
743, Top Hat B&W, f, s, Attribute, 
744, 3D Glasses B&W, u, l, Attribute, 
745, Alien Eyes B&W, u, l, Attribute, 
746, Ape Front B&W, u, l, Attribute, Frankenstein Front B&W | Head Front B&W
747, Ape Nose B&W, u, l, Attribute, 
748, Bandana B&W, u, l, Attribute, 
749, Beanie B&W, u, l, Attribute, 
750, Bear Hood B&W, u, l, Attribute, 
751, Bubble Gum B&W, u, l, Attribute, 
752, Cap B&W, u, l, Attribute, 
753, Cap Forward B&W, u, l, Attribute, 
754, Cigarette B&W, u, l, Attribute, 
755, Clown Eyes B&W, u, l, Attribute, 
756, Clown Nose B&W, u, l, Attribute, 
757, Cowboy Hat B&W, u, l, Attribute, 
758, Crazy Hair B&W, u, l, Attribute, 
759, Earring B&W, u, l, Attribute, 
760, Eyes B&W, u, l, Attribute, 
761, Fedora B&W, u, l, Attribute, 
762, Frown B&W, u, l, Attribute, 
763, Frumpy Hair B&W, u, l, Attribute, 
764, Headband B&W, u, l, Attribute, 
765, Heart Eyes B&W, u, l, Attribute, 
766, Knitted Cap B&W, u, l, Attribute, 
767, Laser Eyes B&W, u, l, Attribute, 
768, Medical Mask B&W, u, l, Attribute, 
769, Messy Hair B&W, u, l, Attribute, 
770, Mohawk B&W, u, l, Attribute, 
771, Mouth B&W, u, l, Attribute, 
772, Mouth Big B&W, u, l, Attribute, Ape Mouth B&W | Alien Mouth B&W
773, Nose B&W, u, l, Attribute, 
774, Nose Small B&W, u, l, Attribute, 
775, Nose Up B&W, u, l, Attribute, Scream Nose B&W
776, Nose Up Big B&W, u, l, Attribute, Alien Nose B&W
777, Orc Eyes B&W, u, l, Attribute, Frankenstein Eyes B&W
778, Orc Mouth B&W, u, l, Attribute, 
779, Orc Mouth Small B&W, u, l, Attribute, 
780, Orc Nose B&W, u, l, Attribute, 
781, Robot Eyes B&W, u, l, Attribute, 
782, Robot Mouth B&W, u, l, Attribute, 
783, Peak Spike B&W, u, l, Attribute, 
784, Pipe B&W, u, l, Attribute, 
785, Police Cap B&W, u, l, Attribute, 
786, Regular Shades B&W, u, l, Attribute, 
787, Santa Hat B&W, u, l, Attribute, 
788, Scream Eyes B&W, u, l, Attribute, 
789, Scream Mouth B&W, u, l, Attribute, 
790, Skeleton Eyes B&W, u, l, Attribute, 
791, Skeleton Mouth B&W, u, l, Attribute, Frankenstein Mouth B&W
792, Small Shades B&W, u, l, Attribute, 
793, Smile B&W, u, l, Attribute, 
794, Smile Big B&W, u, l, Attribute, 
795, Spots B&W, u, l, Attribute, 
796, Sun Hat B&W, u, l, Attribute, 
797, Vampire Mouth B&W, u, l, Attribute, 
798, Vampire Mouth Small B&W, u, l, Attribute, 
799, VR B&W, u, l, Attribute, 
800, Zombie Eyes B&W, u, l, Attribute, 
801, Zombie Mouth B&W, u, l, Attribute, 
802, Big Beard (Natural), m, l, Attribute, 
803, Goat (Natural), m, l, Attribute, 
804, Cap Forward (Natural), u, l, Attribute, 
805, Cigarette (Natural), u, l, Attribute, 
806, Do-rag (Natural), u, l, Attribute, 
807, Earring (Natural), u, l, Attribute, Gold Earring (Natural)
808, Headband (Natural), u, l, Attribute, 
809, Knitted Cap (Natural), u, l, Attribute, 
810, Mohawk (Natural), u, l, Attribute, 
811, Mohawk Thin (Natural), u, l, Attribute, 
812, Pipe (Natural), u, l, Attribute, 
813, Police Cap (Natural), u, l, Attribute, 
814, Shaved Head (Natural), u, l, Attribute, 
815, VR (Natural), u, l, Attribute, 
816, Cigarette (Natural), f, s, Attribute, 
817, Earring (Natural), f, s, Attribute, Gold Earring (Natural)
818, Mohawk (Natural), f, s, Attribute, 
819, Mohawk Thin (Natural), f, s, Attribute, 
820, Pipe (Natural), f, s, Attribute, 
